{"gauge":{"GetSet185":939776.4805665098,"GetSet231":906640.506710257,"GetSet33":603473.0820094122,"GetSet43":410745.82710886927,"GetSet95":594823.8960391261},"counter":{"GetSet168":2040546828,"GetSet234":2010756103,"GetSet32":819582220,"GetSet87":3733029906,"GetSet88":2846073412},"Mut":{}}